rank,name,solved,recent
1,(jaehyunp),581,14
2,hongraejo,412,1558
3,ainu7,330,876
4,shinminseon,330,24
5,allenjeon,314,1
6,sungmin817,311,62
7,(ssk),307,819
8,emppu,262,95
9,(sunleonid),261,1476
10,kcm1700,257,1244
11,thkang,243,1724
12,muse,240,0
13,JiminP,238,1383
14,noxnia,234,463
15,Bubbler,232,293
16,kanie,230,417
17,Baekjoon,228,743
18,Doju,220,277
19,ipkn,218,1254
20,communia,210,1674
21,zlzmsrhak,209,174
22,Iris_harp,208,2324
23,petdrow,206,467
24,(lakshimi),205,622
25,sharb,204,2755
26,l10veu,202,2532
27,changrak,201,282
28,00,199,1410
29,jjhangu2,199,711
30,stenhammar,193,3458
31,eyTns,193,516
32,svchost.exe,193,143
33,uws8505,189,3332
34,(mecatos95d),188,1026
35,bumsook,186,91
36,veshboo,184,150
37,udaque,181,1575
38,(wooyekim),178,1892
39,skim0119,177,10
40,optimizerjerry,176,2941
41,p.istrati,176,1836
42,alexum,171,5
43,Breakun,170,1274
44,lem,165,1397
45,ddaker,164,2474
46,Unused,164,437
47,jh05013,162,54
48,Teferi,161,2991
49,gok01172,160,2697
50,yongwhan,160,1110
51,kimrip,158,979
52,choyb,157,3041
53,pjsdream,157,1089
54,zhuny,157,265
55,Frizzle,157,251
56,dalpaeng2,156,1000
57,cfranck,154,0
58,(j1wan),153,689
59,Jungkeun,152,740
60,hillcanon,149,249
61,kjw0612,147,3141
62,absenty,142,2872
63,veblush,141,1936
64,tjfktj,141,774
65,larez,140,563
66,kyumyonglee,140,542
67,ychoi100,137,1369
68,(juncoder),134,1024
69,Kyoseon,133,2903
70,yadi0119,132,1621
71,HeeM,132,477
72,kgw0507,131,2559
73,hij8765,131,1524
74,colorized,131,487
75,(sy0414),130,717
76,Sait2000,130,21
77,bam8695,129,1054
78,hoo,128,2273
79,gsm291,128,2190
80,sehee382,127,2605
81,kazel,127,1255
82,rein01,125,3295
83,frigen,125,1769
84,go_to_dmc,125,686
85,dareun.geum,124,130
86,daewonyoon,123,837
87,lifthrasiir,122,2405
88,daegeon,122,2
89,(kth3321),121,2254
90,(chiwook),118,2030
91,kheled,117,2918
92,sutekine,117,2119
93,J.H.M.,117,66
94,EnDorphin,116,2052
95,(Byungwoo.Jeon),116,218
96,kyduke,114,158
97,DG,112,3172
98,falsetru,111,2941
99,yangbak,111,2041
100,neurome,110,1505
101,tpzcln,110,1328
102,insikk,110,1178
103,Abalcon,110,1053
104,Ainodyne,109,590
105,astein,108,331
106,teddywith,107,3106
107,PhoBiA,107,1181
108,hongsch1,107,226
109,xenosoz,106,2218
110,cdg720,106,1994
111,4135667,106,662
112,ntalbs,106,288
113,panda,105,1509
114,(pse1202),105,792
115,ehooizlo,104,1527
116,keugbang,104,329
117,dlimpid,103,2596
118,bosscq,102,1016
119,whitehwarang,102,271
120,libe,101,2062
121,joinsung,100,3657
122,sim0629,100,2694
123,nullstein,100,2446
124,(kparkeuler),100,30
125,(dalgu),99,29
126,ewmkkpe,98,2213
127,(ensual),98,2060
128,kiyohwan,97,1550
129,younghan,97,267
130,KimHoSik,96,3277
131,sangpaz,96,865
132,helicity,96,165
133,friend1226,96,152
134,(123harim),95,1137
135,dotorya,95,394
136,rai,94,2411
137,hwijung,94,487
138,desti,93,1970
139,king--kong,91,580
140,struessel,90,2023
141,epjs0126,90,1946
142,hitel00000,89,3536
143,skxmremd,89,1573
144,techshare,88,2220
145,laputan,88,2208
146,nineclue,88,160
147,pkim,87,3328
148,marocchino,87,3089
149,purluno,87,3014
150,junwhan,87,2435
151,wonyoung,87,1593
152,sanhalee,87,1515
153,thechaos16,87,870
154,KAKaMK,86,3100
155,gs13068,86,1529
156,(hodduc),86,395
157,chokobole,85,3402
158,kivol,85,3284
159,chattee,85,431
160,key262yek,85,169
161,wonsik,84,1700
162,sjnam,84,1640
163,Hydrogen,84,1047
164,(wichgreen),83,2827
165,kaisyu,83,2804
166,(eulpine),83,998
167,puella1204,83,989
168,flagj,83,330
169,dhkim16,82,1830
170,(ksthiv),82,1551
171,T.Eom,81,3227
172,hck5209,81,2668
173,milkskin,81,1835
174,EffectiveService,81,1767
175,woongy,80,1920
176,bdares,80,942
177,About-Blank,80,302
178,danox,79,3114
179,inzilion,79,2455
180,souldreamer,79,2310
181,jeonbyungwoo,79,942
182,kjk850,78,2923
183,doodoori2,78,2273
184,(JohnSeo),78,1081
185,seongjaelee,77,2308
186,(sungjinlee),77,1824
187,sukjoony,77,1676
188,seaguy,77,1481
189,ironlung,77,1073
190,Shongky,77,868
191,ch81.song,77,331
192,birmjin.in,77,106
193,raymundo,76,2577
194,hothead,75,3018
195,nateburchell,75,2322
196,songsungkyun,75,1999
197,bingoo,75,1993
198,littlechun4,75,1984
199,solmonk,75,1594
200,ltdtl,75,1560
201,박상건,75,999
202,YunGoon,75,245
203,zartoven,74,2668
204,vamf12,74,2521
205,kunbam09,74,1030
206,(bbaa1155),74,809
207,(gs13057),74,186
208,insany,73,2844
209,dkim90,73,1927
210,xoguslwkd,73,583
211,Oscillator,72,3398
212,trif,72,1814
213,hnjang810,72,1078
214,aleph0,72,957
215,NewPython,72,669
216,Corea,72,500
217,ssangkong,72,420
218,delfino4,72,46
219,drh,71,2952
220,motoko,71,2702
221,perryrage,71,2049
222,shwlinux,71,1647
223,jykim,71,1325
224,tapiko,71,1014
225,seul,71,750
226,proburner,71,666
227,aeromind,71,252
228,ntopia,70,3449
229,newshake,70,2937
230,jupiter7,70,1381
231,dpp5411,70,1275
232,naldo,70,866
233,changhoon,69,3015
234,sonsworld,69,2154
235,mnbv,69,1867
236,pomtech,69,1734
237,steloflute,69,1707
238,milkiss,69,1019
239,Ephemera,69,834
240,Peacemiki,69,809
241,dincal,69,474
242,rmsrk33,69,135
243,wandookong,69,111
244,dreamsboat,69,0
245,sirgrey,68,3662
246,uzhao,68,1901
247,byturn,68,1822
248,hacysean,68,1506
249,JAYS,68,1403
250,caooeep,68,1294
251,philmasterplus,68,1263
252,eminency,68,728
253,(hsm6911),68,642
254,(nersery),68,632
255,jihunroh-python,68,18
256,Chulho-Song,67,3386
257,fort726,67,2987
258,(posithinks),67,2409
259,blue9057,67,2181
260,gnitemouse,67,2002
261,ideale,67,1784
262,(soharu1024),67,1741
263,ibato,67,1610
264,heemin32,67,1546
265,thebarbershop,67,588
266,(ikisis),67,37
267,ILyoan,66,2985
268,flaugh,66,2107
269,combacsa,66,2002
270,(lemonkr),66,1998
271,StarNK,66,1627
272,irisagfe,66,1163
273,hylee,66,1051
274,greatstone,66,947
275,laytotayl,65,3166
276,gs10107,65,2421
277,yxp30,65,1594
278,bookman01,65,1140
279,cguy2000,65,903
280,espring,65,429
281,nonblock,65,191
282,deity,65,182
283,Eclipse412,64,1760
284,cramade,64,1326
285,(yeori),64,800
286,kreateark,64,562
287,eltmzhsj,64,227
288,sherhy,64,208
289,krieiter,63,2004
290,sukwoo49,63,1776
291,kchhero,63,1500
292,wsh0509,63,1238
293,jooyunghan,63,972
294,Veckal,63,615
295,(ZTZEROS),63,594
296,jacealan,63,114
297,calvados,62,2298
298,comkiwer,62,2022
299,(kismp123),62,1640
300,swchoi06,62,1484
301,arcadia88,62,933
302,runnie0427,62,697
303,aviness,62,687
304,jw.jung,62,604
305,boyboyhoo,62,335
306,legend12,61,3844
307,oky,61,3140
308,i274,61,1493
309,JongMan,61,1119
310,hiparkgss,61,154
311,TaeYoung,60,2677
312,boredashell99,60,2543
313,bst1206,60,1587
314,coprime,60,1396
315,optatum,60,1168
316,zxcxz7,60,879
317,fanoyong,60,540
318,tyamazaki,60,537
319,lasher247,60,344
320,ssico7,60,337
321,totworld,59,2673
322,brp-matlab,59,1814
323,MagicalOrb,59,1742
324,protos37,59,1180
325,zephyr9,59,216
326,Holics,58,2375
327,(mighty93),58,1480
328,hakenstock,58,1332
329,(tintin5108),58,1226
330,nomadlife,58,10
331,unbing,57,3087
332,jhyun95,57,1791
333,siscos,57,1748
334,(jaehaaheaj),57,374
335,greatkes,56,3032
336,wildartist,56,2997
337,yojo1000,56,2929
338,ruwin126,56,2479
339,zidarn,56,2377
340,akmakk,56,2372
341,asimov79,56,2221
342,m.Shin,56,1998
343,(rynn5419),56,1611
344,(lkkpou),56,1293
345,luxewiz,56,544
346,qwe6580,56,186
347,mohenjo,56,7
348,kang249,55,3370
349,indrazit,55,1805
350,yeonseung.kim,55,1328
351,(DarkAngel),55,1290
352,yimjy1996,55,1170
353,(raifthenerd),55,106
354,shuvh,54,3283
355,shurain,54,3048
356,hongjun7,54,2528
357,Clatue,54,2416
358,(tjyoo73),54,330
359,bits_and_scraps,54,272
360,(yyc9268),54,37
361,samerook,53,3035
362,dbcat,53,2892
363,seoleda,53,2342
364,Mastojun,53,2331
365,yielding,53,2028
366,ruunak,53,1796
367,yunskim,53,1665
368,rhs0266,53,1313
369,etoilebleu06,53,1222
370,hyunhwan,53,1126
371,AmorEtSpero,53,1036
372,16spark1,53,120
373,dish,52,3328
374,ejholic,52,3256
375,codejack,52,3172
376,deisys,52,2889
377,yoloseem,52,1127
378,(albert_park),52,1034
379,yangjy0113,52,977
380,thumb,52,705
381,viciousagent86,52,350
382,john3374,51,2777
383,sinjimua,51,2677
384,singleheart,51,2043
385,boldragon,51,1843
386,sven_,51,1748
387,(spyrogira256),51,1668
388,eva0071,51,1593
389,glastonbury,51,1574
390,greentec,51,1546
391,ybjeon01,51,1042
392,(jins02),51,954
393,john-scarlet,51,764
394,hjl1595,51,726
395,freewild,51,240
396,Yearning,51,36
397,RisingCrow,50,4062
398,wmftsa,50,3013
399,Informatica_Kim,50,2854
400,kenjin2202,50,2708
